{"rmse": 61548.9217345124, "r2": 0.669104582317845}
